product_name,category,mrp,selling_price,rating,num_ratings
Women's Cotton Straight Kurti - Navy,kurti,899,329,4.1,1842
Women's Cotton Straight Kurti - Maroon,kurti,899,345,3.9,1203
Rayon Printed A-Line Kurti,kurti,799,299,4.0,2610
Embroidered Anarkali Kurti,kurti,1299,489,4.2,744
Casual Cotton Kurti with Pockets,kurti,749,279,3.7,3155
Georgette Printed Kurti,kurti,999,359,4.3,986
Angrakha Style Cotton Kurti,kurti,1099,419,4.0,512
Daily Wear Rayon Kurti,kurti,699,259,3.6,4021
Flared Cotton Kurti - Mustard,kurti,849,319,4.1,1470
Crepe Printed Straight Kurti,kurti,949,349,3.8,893
Banarasi Silk Blend Saree,saree,2499,849,4.4,621
Georgette Printed Daily Saree,saree,1199,449,3.9,2840
Cotton Handloom Saree,saree,1499,599,4.2,1105
Chiffon Party Wear Saree,saree,1799,679,4.0,738
Embroidered Net Saree,saree,2999,1099,4.3,412
Printed Co-ord Set - Floral,co-ord-set,1499,579,4.1,904
Solid Rayon Co-ord Set,co-ord-set,1299,499,3.8,1320
Striped Summer Co-ord Set,co-ord-set,1399,549,4.0,687
Double Bed Cotton Bedsheet with 2 Pillow Covers,bedsheet,999,379,4.2,5210
King Size Microfibre Bedsheet,bedsheet,1299,499,4.0,3104
Floral Print Cotton Bedsheet,bedsheet,899,349,3.9,4417
Geometric Poly-Cotton Bedsheet,bedsheet,799,289,3.7,2890
Single Bed Cotton Bedsheet,bedsheet,599,239,4.1,1960
Airtight Plastic Storage Container Set of 6,kitchen-storage,699,279,4.0,3380
Stackable Steel Kitchen Jar Set,kitchen-storage,899,349,4.2,1740
Glass Storage Jar Set of 3,kitchen-storage,599,229,3.8,2210
Matte Finish Silicone Phone Cover,phone-cover,399,149,4.1,6120
Transparent Shockproof Phone Case,phone-cover,499,189,4.3,4830
Printed Polycarbonate Phone Cover,phone-cover,349,129,3.9,3560
Kundan Bridal Jewellery Set,jewellery-set,1999,749,4.2,830
Oxidised Silver Look Jewellery Set,jewellery-set,899,329,4.0,1640
Pearl Drop Necklace Set,jewellery-set,1199,449,4.1,1015
Temple Design Jewellery Set,jewellery-set,1599,599,3.9,604
